,coverage_probability,R2,RMSE,SHAP_Var,Pred_SHAP_Var
dem,0.8943661971830986,0.8660520860945591,1.1631128007998532,10.09968239101877,11.922355531762483
sp,0.8732394366197183,0.6856436833960962,0.9412625596385703,2.8183788884818313,1.6658107427950581
tp,0.8943661971830986,0.6569894593346068,0.8955507538372209,2.3381530816593084,1.7134095760932977
blh,0.9014084507042254,0.3314402430487511,1.3281975062841098,2.638670062559518,1.8063339341686884
r,0.9014084507042254,0.9243600256598106,0.9616170784847591,12.225115274031007,13.312034257811343
aod_sat,0.9014084507042254,0.9373752899622683,1.3104691744124963,27.42255343059743,26.60063411423873
ndvi,0.8943661971830986,0.16613606674474612,1.1108501243182185,1.4798433527164747,1.018567007168713
lon,0.9366197183098591,0.8595508740563773,1.0632117638752305,8.048602988789243,7.422913369811109
lat,0.8943661971830986,0.8845856857004946,1.192328733329873,12.317777192132153,11.55924145320287
