,coverage_probability,R2,RMSE,SHAP_Var,Pred_SHAP_Var
dem,0.9436619718309859,0.8644917857103025,0.715527158478523,3.778214606428288,4.026079734398302
sp,0.8873239436619719,0.8025159900868152,0.7889974908040821,3.1522402283040534,2.6372407767521526
tp,0.8873239436619719,0.31674451780747204,0.8971844976369386,1.1780952275963292,0.71801791921783
blh,0.8661971830985915,0.4002492165823036,1.2771044927745965,2.7194560316716627,4.271343126626233
r,0.8661971830985915,0.9444977866239659,0.9955463292112967,17.85717061211923,18.945976749096335
aod_sat,0.8661971830985915,0.9482974689873634,1.260239912991066,30.71812167005051,34.46862461136753
ndvi,0.9577464788732394,0.3190428118999128,1.0652747714085633,1.6664929285286758,1.4209701016782972
proj_x,0.9014084507042254,0.8769409906142037,1.084412053720987,9.555980566759697,9.022946058858555
proj_y,0.8732394366197183,0.9376476832995244,1.1989863923691235,23.05557267410019,24.006518346741903
